subreddit,n_comments,mean_score,median_score,n_controversial,controversy_rate,mean_word_count
ClimateShitposting,20034,4.1308,2.0,904,0.0451,36.8712
Futurology,40610,12.7607,2.0,1988,0.049,52.4753
canada,18949,13.0688,3.0,3022,0.1595,38.0394
changemyview,79906,3.4925,1.0,3914,0.049,81.406
climate,43954,9.4486,3.0,704,0.016,37.5806
climatechange,50217,4.045,1.0,647,0.0129,49.4571
climateskeptics,14709,4.2173,2.0,124,0.0084,53.0325
conspiracy,83836,7.8592,2.0,4889,0.0583,42.5943
energy,44806,4.4677,3.0,670,0.015,36.6676
europe,32778,17.2749,3.0,2866,0.0874,38.2648
news,16792,74.3319,8.0,589,0.0351,30.7181
politics,33378,34.9894,4.0,469,0.0141,29.8665
science,20438,27.4857,4.0,1465,0.0717,43.1208
unitedkingdom,17174,12.8104,3.0,1109,0.0646,40.9836
worldnews,25345,31.0862,4.0,1687,0.0666,31.3551
